{
    "train_acc": [
        0.20246478873239437,
        0.369215291750503,
        0.47434607645875254,
        0.5603621730382293,
        0.6291498993963782,
        0.6727867203219315,
        0.7155432595573441,
        0.7405684104627767,
        0.766725352112676,
        0.78420523138833,
        0.7970321931589537,
        0.8211770623742455,
        0.829854124748491,
        0.840920523138833,
        0.8524899396378269,
        0.8512323943661971,
        0.8684607645875252,
        0.8746227364185111,
        0.8788983903420523,
        0.8939889336016097,
        0.8960010060362174,
        0.8946177062374245,
        0.903169014084507,
        0.9095824949698189,
        0.920774647887324,
        0.9196428571428571,
        0.9197686116700201,
        0.9264336016096579,
        0.9302062374245473,
        0.9303319919517102,
        0.9304577464788732,
        0.9422786720321932,
        0.9447937625754527,
        0.9441649899396378,
        0.9405181086519114,
        0.9522132796780685,
        0.9512072434607646,
        0.9554828973843058,
        0.9557344064386318,
        0.9585010060362174,
        0.9613933601609658,
        0.9622736418511066,
        0.9641599597585513,
        0.9626509054325956,
        0.9651659959758552,
        0.9676810865191147,
        0.9675553319919518,
        0.9695674044265593,
        0.9673038229376257,
        0.9727112676056338,
        0.9685613682092555,
        0.9705734406438632,
        0.9747233400402414,
        0.9678068410462777,
        0.9743460764587525,
        0.9743460764587525,
        0.9759808853118712,
        0.9737173038229376,
        0.9732142857142857,
        0.9749748490945674
    ],
    "val_acc": [
        0.4014084507042254,
        0.5030181086519114,
        0.596579476861167,
        0.6639839034205232,
        0.7464788732394366,
        0.7877263581488934,
        0.8440643863179075,
        0.8561368209255533,
        0.8621730382293763,
        0.8611670020120724,
        0.8853118712273642,
        0.886317907444668,
        0.9014084507042254,
        0.9094567404426559,
        0.9245472837022133,
        0.9356136820925554,
        0.9275653923541247,
        0.9285714285714286,
        0.9346076458752515,
        0.9486921529175051,
        0.9607645875251509,
        0.9446680080482898,
        0.9517102615694165,
        0.9577464788732394,
        0.9567404426559356,
        0.9627766599597586,
        0.9607645875251509,
        0.9607645875251509,
        0.9728370221327968,
        0.9577464788732394,
        0.9678068410462777,
        0.9708249496981891,
        0.9738430583501007,
        0.9708249496981891,
        0.9748490945674044,
        0.9748490945674044,
        0.9758551307847082,
        0.9748490945674044,
        0.9758551307847082,
        0.9828973843058351,
        0.9849094567404426,
        0.9788732394366197,
        0.9778672032193159,
        0.9728370221327968,
        0.9869215291750503,
        0.9849094567404426,
        0.9879275653923542,
        0.9869215291750503,
        0.9879275653923542,
        0.9859154929577465,
        0.9798792756539235,
        0.9879275653923542,
        0.9839034205231388,
        0.9828973843058351,
        0.9818913480885312,
        0.9808853118712274,
        0.9849094567404426,
        0.9849094567404426,
        0.9839034205231388,
        0.9818913480885312
    ],
    "train_loss": [
        3.0737955552231617,
        2.569988541020234,
        2.1686041146756656,
        1.8262723182408622,
        1.5601791987116909,
        1.3623826631028169,
        1.1834961854491075,
        1.0593763486645231,
        0.9566779136282937,
        0.8662747962726374,
        0.795401755619187,
        0.7228021864578787,
        0.676460429225904,
        0.625920819791345,
        0.5867965873012271,
        0.5684158168583209,
        0.511750866257505,
        0.4896906774371143,
        0.4685664944626181,
        0.4247430148534477,
        0.4122229906827796,
        0.39783736552679594,
        0.37395071821761366,
        0.3527726790913656,
        0.32423345532907283,
        0.3162095566494278,
        0.309147243251906,
        0.2893011224826459,
        0.27171027195235614,
        0.2661749897856158,
        0.26280468861397704,
        0.24046247962429385,
        0.22481834693983763,
        0.22337889329926627,
        0.21845088548255828,
        0.19921841963802855,
        0.19841556455162346,
        0.18649118175304735,
        0.18693600038370545,
        0.1732804520078841,
        0.1649843629476426,
        0.16028128891644092,
        0.1599249648951768,
        0.1527261899162779,
        0.14994167209363035,
        0.1437819142262798,
        0.14228209916380902,
        0.1387682798823578,
        0.1416773059813777,
        0.12521836870590386,
        0.1345701819452995,
        0.12470562533783244,
        0.12398818480098008,
        0.1305093783311362,
        0.11975861167171768,
        0.11662206382706661,
        0.12012207757504643,
        0.118255193287246,
        0.11797603877845465,
        0.1177180065456389
    ],
    "val_loss": [
        2.488767963815406,
        2.0434549245010896,
        1.5985124544446248,
        1.3412857323765275,
        1.0853315584630852,
        0.9108718043589688,
        0.7097191310461506,
        0.641967799050741,
        0.6068403891860003,
        0.5602833935055866,
        0.4611075024782534,
        0.4475753275213771,
        0.39075090461616296,
        0.3651144933404334,
        0.3239063723667349,
        0.3107207972129964,
        0.2828844507873791,
        0.2917430196144435,
        0.2585353249811145,
        0.2301155889718176,
        0.18615230907972183,
        0.21769395709995285,
        0.20626348278851783,
        0.1721751219153509,
        0.18555905731945638,
        0.17274273023379585,
        0.16457914562751427,
        0.2059609556928778,
        0.1119614015207121,
        0.14363077252235518,
        0.15469361631686884,
        0.13679208125941078,
        0.10082821765211859,
        0.09482871848565291,
        0.11521305763966827,
        0.09075314910737817,
        0.1203127228293753,
        0.08518251941815658,
        0.10997169197071344,
        0.07562172681635669,
        0.0667520662507624,
        0.0772377748094241,
        0.07895143480402704,
        0.07798817628470014,
        0.05269610218623799,
        0.0559882754526016,
        0.054011090678066094,
        0.057902229578670465,
        0.05144012734850534,
        0.054476797087999324,
        0.06607789023884293,
        0.059533918839249335,
        0.06420454214514985,
        0.060932151066061264,
        0.05312979720185401,
        0.06973964472684797,
        0.061829157707700554,
        0.055542867058286365,
        0.050184530098989176,
        0.05721543385843542
    ]
}