{
    "A": 1.0,
    "B": 1.0,
    "CH": 1.0,
    "D": 1.0,
    "E": 0.7777777777777778,
    "ERII": 1.0,
    "F": 1.0,
    "G": 1.0,
    "H": 1.0,
    "Htemdeg": 0.9285714285714286,
    "I": 1.0,
    "J": 1.0,
    "K": 1.0,
    "L": 0.96875,
    "M": 1.0,
    "N": 0.9666666666666667,
    "O": 1.0,
    "OU": 1.0,
    "P": 1.0,
    "R": 1.0,
    "S": 1.0,
    "SH": 1.0,
    "SHCH": 0.9166666666666666,
    "T": 1.0,
    "TS": 1.0,
    "U": 1.0,
    "V": 1.0,
    "Y": 0.9,
    "YA": 1.0,
    "YE": 1.0,
    "YO": 1.0,
    "YU": 0.9310344827586207,
    "Z": 1.0,
    "Ztemdeg": 0.9354838709677419,
    "hI": 1.0
}