{
    "A": {
        "precision": 1.0,
        "recall": 1.0,
        "f1-score": 1.0,
        "support": 34.0
    },
    "B": {
        "precision": 0.9210526315789473,
        "recall": 1.0,
        "f1-score": 0.958904109589041,
        "support": 35.0
    },
    "CH": {
        "precision": 1.0,
        "recall": 1.0,
        "f1-score": 1.0,
        "support": 30.0
    },
    "D": {
        "precision": 1.0,
        "recall": 1.0,
        "f1-score": 1.0,
        "support": 21.0
    },
    "E": {
        "precision": 1.0,
        "recall": 0.7777777777777778,
        "f1-score": 0.875,
        "support": 9.0
    },
    "ERII": {
        "precision": 0.9310344827586207,
        "recall": 1.0,
        "f1-score": 0.9642857142857143,
        "support": 27.0
    },
    "F": {
        "precision": 1.0,
        "recall": 1.0,
        "f1-score": 1.0,
        "support": 34.0
    },
    "G": {
        "precision": 0.9545454545454546,
        "recall": 1.0,
        "f1-score": 0.9767441860465116,
        "support": 21.0
    },
    "H": {
        "precision": 1.0,
        "recall": 1.0,
        "f1-score": 1.0,
        "support": 32.0
    },
    "Htemdeg": {
        "precision": 1.0,
        "recall": 0.9285714285714286,
        "f1-score": 0.9629629629629629,
        "support": 28.0
    },
    "I": {
        "precision": 1.0,
        "recall": 1.0,
        "f1-score": 1.0,
        "support": 28.0
    },
    "J": {
        "precision": 1.0,
        "recall": 1.0,
        "f1-score": 1.0,
        "support": 29.0
    },
    "K": {
        "precision": 1.0,
        "recall": 1.0,
        "f1-score": 1.0,
        "support": 26.0
    },
    "L": {
        "precision": 1.0,
        "recall": 0.96875,
        "f1-score": 0.9841269841269841,
        "support": 32.0
    },
    "M": {
        "precision": 0.9705882352941176,
        "recall": 1.0,
        "f1-score": 0.9850746268656716,
        "support": 33.0
    },
    "N": {
        "precision": 1.0,
        "recall": 0.9666666666666667,
        "f1-score": 0.9830508474576272,
        "support": 30.0
    },
    "O": {
        "precision": 1.0,
        "recall": 1.0,
        "f1-score": 1.0,
        "support": 39.0
    },
    "OU": {
        "precision": 1.0,
        "recall": 1.0,
        "f1-score": 1.0,
        "support": 25.0
    },
    "P": {
        "precision": 1.0,
        "recall": 1.0,
        "f1-score": 1.0,
        "support": 34.0
    },
    "R": {
        "precision": 0.9705882352941176,
        "recall": 1.0,
        "f1-score": 0.9850746268656716,
        "support": 33.0
    },
    "S": {
        "precision": 1.0,
        "recall": 1.0,
        "f1-score": 1.0,
        "support": 35.0
    },
    "SH": {
        "precision": 1.0,
        "recall": 1.0,
        "f1-score": 1.0,
        "support": 32.0
    },
    "SHCH": {
        "precision": 1.0,
        "recall": 0.9166666666666666,
        "f1-score": 0.9565217391304348,
        "support": 12.0
    },
    "T": {
        "precision": 1.0,
        "recall": 1.0,
        "f1-score": 1.0,
        "support": 26.0
    },
    "TS": {
        "precision": 1.0,
        "recall": 1.0,
        "f1-score": 1.0,
        "support": 26.0
    },
    "U": {
        "precision": 1.0,
        "recall": 1.0,
        "f1-score": 1.0,
        "support": 22.0
    },
    "V": {
        "precision": 1.0,
        "recall": 1.0,
        "f1-score": 1.0,
        "support": 30.0
    },
    "Y": {
        "precision": 1.0,
        "recall": 0.9,
        "f1-score": 0.9473684210526315,
        "support": 30.0
    },
    "YA": {
        "precision": 0.8666666666666667,
        "recall": 1.0,
        "f1-score": 0.9285714285714286,
        "support": 26.0
    },
    "YE": {
        "precision": 1.0,
        "recall": 1.0,
        "f1-score": 1.0,
        "support": 30.0
    },
    "YO": {
        "precision": 1.0,
        "recall": 1.0,
        "f1-score": 1.0,
        "support": 37.0
    },
    "YU": {
        "precision": 1.0,
        "recall": 0.9310344827586207,
        "f1-score": 0.9642857142857143,
        "support": 29.0
    },
    "Z": {
        "precision": 1.0,
        "recall": 1.0,
        "f1-score": 1.0,
        "support": 30.0
    },
    "Ztemdeg": {
        "precision": 0.9354838709677419,
        "recall": 0.9354838709677419,
        "f1-score": 0.9354838709677419,
        "support": 31.0
    },
    "hI": {
        "precision": 1.0,
        "recall": 1.0,
        "f1-score": 1.0,
        "support": 18.0
    },
    "accuracy": 0.9859154929577465,
    "macro avg": {
        "precision": 0.9871417022030191,
        "recall": 0.9807128826688258,
        "f1-score": 0.983070149491661,
        "support": 994.0
    },
    "weighted avg": {
        "precision": 0.9869339884788184,
        "recall": 0.9859154929577465,
        "f1-score": 0.9858671223727203,
        "support": 994.0
    }
}