{
    "train_acc": [
        0.13267102615694165,
        0.2637072434607646,
        0.33400402414486924,
        0.37537726358148893,
        0.42681086519114686,
        0.46164486921529174,
        0.5074195171026157,
        0.5388581488933601,
        0.5625,
        0.5892857142857143,
        0.6126760563380281,
        0.6281438631790744,
        0.6432344064386318,
        0.6583249496981891,
        0.6771881287726358,
        0.6852364185110664,
        0.6999496981891348,
        0.704225352112676,
        0.7248490945674044,
        0.7289989939637826,
        0.7408199195171026,
        0.7535211267605634,
        0.7677313883299799,
        0.7590543259557344,
        0.7718812877263581,
        0.7811871227364185,
        0.7857142857142857,
        0.7941398390342053,
        0.7994215291750503,
        0.8044517102615694,
        0.8031941649899397,
        0.8258299798792756,
        0.8125,
        0.829854124748491,
        0.8326207243460765,
        0.829854124748491,
        0.8355130784708249,
        0.8397887323943662,
        0.8415492957746479,
        0.8444416498993964,
        0.8514839034205232,
        0.8529929577464789,
        0.8594064386317908,
        0.8633048289738431,
        0.857645875251509,
        0.8651911468812877,
        0.8614185110663984,
        0.8757545271629779,
        0.8737424547283702,
        0.8776408450704225,
        0.8731136820925554,
        0.8721076458752515,
        0.8820422535211268,
        0.8728621730382293,
        0.8777665995975855,
        0.8776408450704225,
        0.8816649899396378,
        0.8794014084507042,
        0.8797786720321932,
        0.8794014084507042
    ],
    "val_acc": [
        0.25855130784708247,
        0.34305835010060365,
        0.3953722334004024,
        0.46378269617706236,
        0.5432595573440644,
        0.5865191146881288,
        0.6408450704225352,
        0.6408450704225352,
        0.6549295774647887,
        0.6800804828973843,
        0.6971830985915493,
        0.721327967806841,
        0.7313883299798792,
        0.7736418511066399,
        0.7776659959758552,
        0.7645875251509054,
        0.772635814889336,
        0.8118712273641852,
        0.7947686116700201,
        0.8138832997987927,
        0.8319919517102615,
        0.8319919517102615,
        0.8279678068410463,
        0.8279678068410463,
        0.8340040241448692,
        0.8501006036217303,
        0.8350100603621731,
        0.8430583501006036,
        0.8702213279678068,
        0.8430583501006036,
        0.8591549295774648,
        0.8722334004024145,
        0.869215291750503,
        0.8843058350100603,
        0.886317907444668,
        0.8762575452716298,
        0.8913480885311871,
        0.8832997987927566,
        0.9044265593561368,
        0.9074446680080482,
        0.9024144869215291,
        0.9054325955734407,
        0.9144869215291751,
        0.8933601609657947,
        0.9104627766599598,
        0.9144869215291751,
        0.9164989939637826,
        0.9185110663983903,
        0.9154929577464789,
        0.8983903420523138,
        0.9144869215291751,
        0.9144869215291751,
        0.9225352112676056,
        0.9235412474849095,
        0.9245472837022133,
        0.920523138832998,
        0.9175050301810865,
        0.9245472837022133,
        0.9215291750503019,
        0.9195171026156942
    ],
    "train_loss": [
        3.1883601576269753,
        2.5582569867552407,
        2.270250834329747,
        2.0885565378056685,
        1.9239264123996258,
        1.7641242385750087,
        1.644454047113837,
        1.5324523239368404,
        1.4452595974597893,
        1.3491442540821654,
        1.2704088363189332,
        1.2125873534192502,
        1.1503949451674398,
        1.1135085126163975,
        1.0371992659250975,
        1.0036890654931485,
        0.957730507376928,
        0.9277812743360847,
        0.8746849429049722,
        0.8379672213834176,
        0.8116420305200985,
        0.768582945520909,
        0.7408814501444578,
        0.74295123147083,
        0.7096348113682068,
        0.677589446703493,
        0.6609105826458581,
        0.6320237569076195,
        0.6107589123129725,
        0.6018567643834791,
        0.5928780784056535,
        0.5605781634808547,
        0.5527698855183764,
        0.5286647409324345,
        0.511178227754261,
        0.5023739826518825,
        0.49799341376556056,
        0.4931588112629605,
        0.47849818400221633,
        0.474448445893944,
        0.4551646910341723,
        0.4508467608242028,
        0.43044482758062586,
        0.4233141195186427,
        0.42664373208257095,
        0.40579261769628683,
        0.4094663020748068,
        0.3858164469402291,
        0.3900718648751197,
        0.38213902985456005,
        0.38896756511091646,
        0.39335513000340916,
        0.3723468145175689,
        0.38094340812534816,
        0.3779201585484642,
        0.3703093620483769,
        0.3745886428296656,
        0.37540810143620046,
        0.36690125208895213,
        0.37451306811835566
    ],
    "val_loss": [
        2.627164469718933,
        2.206522003173828,
        2.008445153236389,
        1.8029258289337158,
        1.6242046308517457,
        1.3879345002174377,
        1.2963350241184235,
        1.228317900657654,
        1.0979868564605713,
        1.0437366535663606,
        0.9786154475212098,
        0.9302799046039582,
        0.8377802464962005,
        0.7956913826465607,
        0.7655013378858566,
        0.7472456620931626,
        0.7242759850025177,
        0.6825530459880829,
        0.6674597178697586,
        0.6149941340088845,
        0.5614875034689903,
        0.5560372349023819,
        0.543198078751564,
        0.5493329179883003,
        0.5375112341046333,
        0.482076277077198,
        0.4979448646903038,
        0.47442501699924466,
        0.4174044310748577,
        0.4563122217953205,
        0.4353544430434704,
        0.41265741419792173,
        0.4055677429139614,
        0.39777125427126886,
        0.3567387033700943,
        0.39046607452631,
        0.3475936416834593,
        0.37583284425735475,
        0.31909986938536167,
        0.31980859631299974,
        0.32559733687341214,
        0.3161500766277313,
        0.3200221138224006,
        0.3278850543648005,
        0.2948860565274954,
        0.30005219678580763,
        0.27865318207442763,
        0.2853393118977547,
        0.2918660801202059,
        0.3059993171170354,
        0.27711225429177283,
        0.27583284085988996,
        0.2750963895469904,
        0.271981165856123,
        0.2659554390162229,
        0.27175409169495107,
        0.26989854118227957,
        0.27427260135114195,
        0.2671580505669117,
        0.26863465155661104
    ]
}