{
    "A": {
        "precision": 0.8888888888888888,
        "recall": 0.9411764705882353,
        "f1-score": 0.9142857142857143,
        "support": 34.0
    },
    "B": {
        "precision": 0.9,
        "recall": 0.7714285714285715,
        "f1-score": 0.8307692307692308,
        "support": 35.0
    },
    "CH": {
        "precision": 1.0,
        "recall": 1.0,
        "f1-score": 1.0,
        "support": 30.0
    },
    "D": {
        "precision": 0.9545454545454546,
        "recall": 1.0,
        "f1-score": 0.9767441860465116,
        "support": 21.0
    },
    "E": {
        "precision": 0.75,
        "recall": 0.6666666666666666,
        "f1-score": 0.7058823529411765,
        "support": 9.0
    },
    "ERII": {
        "precision": 0.9259259259259259,
        "recall": 0.9259259259259259,
        "f1-score": 0.9259259259259259,
        "support": 27.0
    },
    "F": {
        "precision": 1.0,
        "recall": 0.8823529411764706,
        "f1-score": 0.9375,
        "support": 34.0
    },
    "G": {
        "precision": 1.0,
        "recall": 1.0,
        "f1-score": 1.0,
        "support": 21.0
    },
    "H": {
        "precision": 0.8857142857142857,
        "recall": 0.96875,
        "f1-score": 0.9253731343283582,
        "support": 32.0
    },
    "Htemdeg": {
        "precision": 0.875,
        "recall": 0.75,
        "f1-score": 0.8076923076923077,
        "support": 28.0
    },
    "I": {
        "precision": 0.8709677419354839,
        "recall": 0.9642857142857143,
        "f1-score": 0.9152542372881356,
        "support": 28.0
    },
    "J": {
        "precision": 1.0,
        "recall": 0.9655172413793104,
        "f1-score": 0.9824561403508771,
        "support": 29.0
    },
    "K": {
        "precision": 0.896551724137931,
        "recall": 1.0,
        "f1-score": 0.9454545454545454,
        "support": 26.0
    },
    "L": {
        "precision": 0.9696969696969697,
        "recall": 1.0,
        "f1-score": 0.9846153846153847,
        "support": 32.0
    },
    "M": {
        "precision": 0.9705882352941176,
        "recall": 1.0,
        "f1-score": 0.9850746268656716,
        "support": 33.0
    },
    "N": {
        "precision": 0.9655172413793104,
        "recall": 0.9333333333333333,
        "f1-score": 0.9491525423728814,
        "support": 30.0
    },
    "O": {
        "precision": 1.0,
        "recall": 0.9230769230769231,
        "f1-score": 0.96,
        "support": 39.0
    },
    "OU": {
        "precision": 0.9259259259259259,
        "recall": 1.0,
        "f1-score": 0.9615384615384616,
        "support": 25.0
    },
    "P": {
        "precision": 1.0,
        "recall": 0.9705882352941176,
        "f1-score": 0.9850746268656716,
        "support": 34.0
    },
    "R": {
        "precision": 1.0,
        "recall": 0.9090909090909091,
        "f1-score": 0.9523809523809523,
        "support": 33.0
    },
    "S": {
        "precision": 1.0,
        "recall": 0.9714285714285714,
        "f1-score": 0.9855072463768116,
        "support": 35.0
    },
    "SH": {
        "precision": 0.90625,
        "recall": 0.90625,
        "f1-score": 0.90625,
        "support": 32.0
    },
    "SHCH": {
        "precision": 1.0,
        "recall": 0.9166666666666666,
        "f1-score": 0.9565217391304348,
        "support": 12.0
    },
    "T": {
        "precision": 1.0,
        "recall": 0.9615384615384616,
        "f1-score": 0.9803921568627451,
        "support": 26.0
    },
    "TS": {
        "precision": 0.92,
        "recall": 0.8846153846153846,
        "f1-score": 0.9019607843137255,
        "support": 26.0
    },
    "U": {
        "precision": 0.9090909090909091,
        "recall": 0.9090909090909091,
        "f1-score": 0.9090909090909091,
        "support": 22.0
    },
    "V": {
        "precision": 0.9615384615384616,
        "recall": 0.8333333333333334,
        "f1-score": 0.8928571428571429,
        "support": 30.0
    },
    "Y": {
        "precision": 0.9090909090909091,
        "recall": 1.0,
        "f1-score": 0.9523809523809523,
        "support": 30.0
    },
    "YA": {
        "precision": 0.7027027027027027,
        "recall": 1.0,
        "f1-score": 0.8253968253968254,
        "support": 26.0
    },
    "YE": {
        "precision": 0.9642857142857143,
        "recall": 0.9,
        "f1-score": 0.9310344827586207,
        "support": 30.0
    },
    "YO": {
        "precision": 0.9,
        "recall": 0.972972972972973,
        "f1-score": 0.935064935064935,
        "support": 37.0
    },
    "YU": {
        "precision": 0.9166666666666666,
        "recall": 0.7586206896551724,
        "f1-score": 0.8301886792452831,
        "support": 29.0
    },
    "Z": {
        "precision": 0.9090909090909091,
        "recall": 1.0,
        "f1-score": 0.9523809523809523,
        "support": 30.0
    },
    "Ztemdeg": {
        "precision": 0.8387096774193549,
        "recall": 0.8387096774193549,
        "f1-score": 0.8387096774193549,
        "support": 31.0
    },
    "hI": {
        "precision": 0.85,
        "recall": 0.9444444444444444,
        "f1-score": 0.8947368421052632,
        "support": 18.0
    },
    "accuracy": 0.9285714285714286,
    "macro avg": {
        "precision": 0.9276213812379979,
        "recall": 0.9248532583831842,
        "f1-score": 0.923932791288736,
        "support": 994.0
    },
    "weighted avg": {
        "precision": 0.9325202606847418,
        "recall": 0.9285714285714286,
        "f1-score": 0.9282990438534706,
        "support": 994.0
    }
}