{
    "A": 0.9411764705882353,
    "B": 0.7714285714285715,
    "CH": 1.0,
    "D": 1.0,
    "E": 0.6666666666666666,
    "ERII": 0.9259259259259259,
    "F": 0.8823529411764706,
    "G": 1.0,
    "H": 0.96875,
    "Htemdeg": 0.75,
    "I": 0.9642857142857143,
    "J": 0.9655172413793104,
    "K": 1.0,
    "L": 1.0,
    "M": 1.0,
    "N": 0.9333333333333333,
    "O": 0.9230769230769231,
    "OU": 1.0,
    "P": 0.9705882352941176,
    "R": 0.9090909090909091,
    "S": 0.9714285714285714,
    "SH": 0.90625,
    "SHCH": 0.9166666666666666,
    "T": 0.9615384615384616,
    "TS": 0.8846153846153846,
    "U": 0.9090909090909091,
    "V": 0.8333333333333334,
    "Y": 1.0,
    "YA": 1.0,
    "YE": 0.9,
    "YO": 0.972972972972973,
    "YU": 0.7586206896551724,
    "Z": 1.0,
    "Ztemdeg": 0.8387096774193549,
    "hI": 0.9444444444444444
}